,gen-vanilla_SSRT-vanilla,gen-vanilla_SSRT-w_guesses,gen-vanilla_SSRT-w_graded,gen-guesses_SSRT-vanilla,gen-guesses_SSRT-w_guesses,gen-guesses_SSRT-w_graded,gen-graded_mu_go_log_SSRT-vanilla,gen-graded_mu_go_log_SSRT-w_guesses,gen-graded_mu_go_log_SSRT-w_graded
gen-vanilla_SSRT-vanilla,1.0,-0.9322598907869801,0.975765496805139,0.9958261624632329,0.869395686710205,0.967270834772134,-0.4736475252472589,-0.9425515075598342,0.986895738248064
gen-vanilla_SSRT-w_guesses,-0.9322598907869801,1.0,-0.8786847913392026,-0.9598839305404666,-0.8151433607434675,-0.8695752011004106,0.46948202572212794,0.9738959076802621,-0.8945903206788782
gen-vanilla_SSRT-w_graded,0.975765496805139,-0.8786847913392026,1.0,0.9666541527368979,0.7522222795033194,0.9976186396249771,-0.3110397890626175,-0.8572308970028889,0.9935368921489505
gen-guesses_SSRT-vanilla,0.9958261624632329,-0.9598839305404666,0.9666541527368979,1.0,0.86321211005678,0.9573749635536771,-0.46029452654795033,-0.9589051994713328,0.9797193674269542
gen-guesses_SSRT-w_guesses,0.869395686710205,-0.8151433607434675,0.7522222795033194,0.86321211005678,1.0,0.7257695952991321,-0.7559735830079989,-0.9216289963959833,0.8074073267550752
gen-guesses_SSRT-w_graded,0.967270834772134,-0.8695752011004106,0.9976186396249771,0.9573749635536771,0.7257695952991321,1.0,-0.29385432087413216,-0.8420492635251031,0.9842343388425892
gen-graded_mu_go_log_SSRT-vanilla,-0.4736475252472589,0.46948202572212794,-0.3110397890626175,-0.46029452654795033,-0.7559735830079989,-0.29385432087413216,1.0,0.6290024183935538,-0.35482473081712823
gen-graded_mu_go_log_SSRT-w_guesses,-0.9425515075598342,0.9738959076802621,-0.8572308970028889,-0.9589051994713328,-0.9216289963959833,-0.8420492635251031,0.6290024183935538,1.0,-0.8878044719933441
gen-graded_mu_go_log_SSRT-w_graded,0.986895738248064,-0.8945903206788782,0.9935368921489505,0.9797193674269542,0.8074073267550752,0.9842343388425892,-0.35482473081712823,-0.8878044719933441,1.0
