,sim_rt_mean,sim_rt_std
AG1DBDKY,490.4265,277.01085015446904
26K18JMC,511.539,295.57784018563444
ZEAB7J9G,467.649,255.8274313601224
YE9WDNR8,524.9545,305.5724213375464
5974KV94,369.5115,179.48483019432305
