{
    "mu_delta_incorrect": 0.1083986991950653,
    "mu_go": 0.16778296718781244,
    "mu_stop_delta": 0.012833735851097903,
    "noise_sd": 2.511930980540796,
    "nondecision": 73.12196295189378,
    "pguess": 0.5
}