{"mu": {"go": 0.3, "stop": 0.5}, "max_time": 1000, "mu_delta_incorrect": 0.2, "nondecision": {"go": 50, "stop": 50}, "noise_sd": {"go": 2.2, "stop": 2.2}, "threshold": 100, "ntrials": {"go": 2000, "stop": 4000}, "mu_go_grader": null, "p_guess": {"go": null, "stop": 'ABCD'}, "exgauss_params": {"K": 2.2642549666245166, "loc": 196.16188286978473, "scale": 89.32217452947589, "lambda": 0.004944420332039798, "beta": 202.24817730806768}}
