{"K": 2.2642549666245166, "loc": 196.16188286978473, "scale": 89.32217452947589, "lambda": 0.004944420332039798, "beta": 202.24817730806768}