{"mean_go_RT": 457.569412, "mean_stopfail_RT": 437.969235, "go_acc": 0.935}
