,SSD,SSRT_standard,SSRT_w_guesses,SSRT_w_graded
0,0.0,268.0,62.952067331593156,
1,50.0,247.0,55.06197539043093,399.0
2,100.0,234.0,63.66255046423879,378.0
3,150.0,227.0,85.69451455030608,318.0
4,200.0,220.0,149.0,325.0
5,250.0,216.0,186.0,302.0
6,300.0,214.0,200.0,292.0
7,350.0,212.0,206.0,282.0
8,400.0,209.0,206.0,250.0
9,450.0,210.0,208.0,248.0
10,500.0,208.0,208.0,238.0
11,550.0,209.0,209.0,208.0
