,SSD,SSRT_standard,SSRT_w_guesses,SSRT_w_graded
0,0.0,,-3.7834202016846348,1384.0
1,50.0,,-96.79586368967387,284.0
2,100.0,134.0,-119.27949732069891,257.0
3,150.0,98.0,-111.92624910100096,129.0
4,200.0,79.0,-96.63454252612144,102.0
5,250.0,65.0,-74.11494091069792,102.0
6,300.0,59.0,-17.535788139034878,90.0
7,350.0,64.0,45.0,104.0
8,400.0,79.0,71.0,103.0
9,450.0,106.0,103.0,136.0
10,500.0,149.0,148.0,175.0
11,550.0,210.0,210.0,226.0
