,SSD,SSRT_standard,SSRT_w_guesses,SSRT_w_graded
0,0.0,,-76.23898470252419,
1,50.0,,-85.09572343030834,333.0
2,100.0,167.0,-28.108104851133845,201.0
3,150.0,159.0,-10.196298942254174,244.0
4,200.0,155.0,26.920633865610057,226.0
5,250.0,153.0,97.0,229.0
6,300.0,155.0,133.0,222.0
7,350.0,160.0,152.0,213.0
8,400.0,168.0,164.0,216.0
9,450.0,179.0,177.0,209.0
10,500.0,194.0,193.0,205.0
11,550.0,208.0,209.0,209.0
