,SSD,SSRT_standard,SSRT_w_guesses,SSRT_w_graded
0,0.0,265.0,62.191389699688926,
1,50.0,246.0,53.775301767919004,434.0
2,100.0,235.0,65.27767335597017,363.0
3,150.0,228.0,86.5684856294373,342.0
4,200.0,221.0,149.66170075949827,314.0
5,250.0,217.0,187.72937475878933,301.0
6,300.0,214.0,199.0,289.0
7,350.0,213.0,207.0,270.0
8,400.0,211.0,207.0,257.0
9,450.0,211.0,210.0,256.0
10,500.0,209.0,208.0,223.0
11,550.0,211.0,211.0,195.0
