,gen-guesses_SSRT-vanilla,gen-guesses_SSRT-w_guesses,gen-guesses_SSRT-w_graded,gen-graded_mu_go_log_SSRT-vanilla,gen-graded_mu_go_log_SSRT-w_guesses,gen-graded_mu_go_log_SSRT-w_graded,gen-standard_SSRT-vanilla,gen-standard_SSRT-w_guesses,gen-standard_SSRT-w_graded
gen-guesses_SSRT-vanilla,1.0,0.960602241014065,0.9496544655633367,-0.5169788430497122,-0.6682332243692298,0.9726885068301268,0.943990640482322,0.8120377339465555,0.9358253571132739
gen-guesses_SSRT-w_guesses,0.960602241014065,1.0,0.9401691697140496,-0.4587312177848291,-0.5931697945910553,0.9791579466914248,0.9893717677314211,0.9386757681193637,0.9355034059945758
gen-guesses_SSRT-w_graded,0.9496544655633367,0.9401691697140496,1.0,-0.7242922879107843,-0.8292821179235372,0.9870310640885882,0.9562986489473226,0.8506999117289095,0.9988727340309992
gen-graded_mu_go_log_SSRT-vanilla,-0.5169788430497122,-0.4587312177848291,-0.7242922879107843,1.0,0.9767405659377628,-0.6085107808624679,-0.5276011688397569,-0.40170931452816294,-0.7389498157369557
gen-graded_mu_go_log_SSRT-w_guesses,-0.6682332243692298,-0.5931697945910553,-0.8292821179235372,0.9767405659377628,1.0,-0.7314650882758722,-0.6497829367514307,-0.49187879573488674,-0.8360865318070596
gen-graded_mu_go_log_SSRT-w_graded,0.9726885068301268,0.9791579466914248,0.9870310640885882,-0.6085107808624679,-0.7314650882758722,1.0,0.9850720582671887,0.8968433522727335,0.9834872485291517
gen-standard_SSRT-vanilla,0.943990640482322,0.9893717677314211,0.9562986489473226,-0.5276011688397569,-0.6497829367514307,0.9850720582671887,1.0,0.9514498660011571,0.9559406209915621
gen-standard_SSRT-w_guesses,0.8120377339465555,0.9386757681193637,0.8506999117289095,-0.40170931452816294,-0.49187879573488674,0.8968433522727335,0.9514498660011571,1.0,0.8603177564963985
gen-standard_SSRT-w_graded,0.9358253571132739,0.9355034059945758,0.9988727340309992,-0.7389498157369557,-0.8360865318070596,0.9834872485291517,0.9559406209915621,0.8603177564963985,1.0
