,gen-guesses_SSRT-vanilla,gen-guesses_SSRT-w_guesses,gen-guesses_SSRT-w_graded,gen-graded_mu_go_log_SSRT-vanilla,gen-graded_mu_go_log_SSRT-w_guesses,gen-graded_mu_go_log_SSRT-w_graded,gen-standard_SSRT-vanilla,gen-standard_SSRT-w_guesses,gen-standard_SSRT-w_graded
gen-guesses_SSRT-vanilla,1.0,0.9393131255250656,0.9336723672011753,-0.6810776483736392,-0.9099322780950306,0.5152177366237916,0.9408659975612631,-0.8597226452063917,0.9256844196805772
gen-guesses_SSRT-w_guesses,0.9393131255250656,1.0,0.966182932534689,-0.4608211582853674,-0.7610526256239255,0.41996070938248703,0.995010656870736,-0.6353972098209801,0.8218961984725662
gen-guesses_SSRT-w_graded,0.9336723672011753,0.966182932534689,1.0,-0.43269090446135555,-0.7326111141895344,0.3160817126746505,0.9690345009829687,-0.6658280121986733,0.8577049277097851
gen-graded_mu_go_log_SSRT-vanilla,-0.6810776483736392,-0.4608211582853674,-0.43269090446135555,1.0,0.9199353718402329,-0.6870067946554812,-0.49728983937761634,0.8210766259468889,-0.6865820077948126
gen-graded_mu_go_log_SSRT-w_guesses,-0.9099322780950306,-0.7610526256239255,-0.7326111141895344,0.9199353718402329,1.0,-0.6723601960964009,-0.7829357513279162,0.9048250840143256,-0.8580029485615093
gen-graded_mu_go_log_SSRT-w_graded,0.5152177366237916,0.41996070938248703,0.3160817126746505,-0.6870067946554812,-0.6723601960964009,1.0,0.42263554999838554,-0.5385541373371189,0.2820946897122485
gen-standard_SSRT-vanilla,0.9408659975612631,0.995010656870736,0.9690345009829687,-0.49728983937761634,-0.7829357513279162,0.42263554999838554,1.0,-0.6371422998575468,0.8281301173994794
gen-standard_SSRT-w_guesses,-0.8597226452063917,-0.6353972098209801,-0.6658280121986733,0.8210766259468889,0.9048250840143256,-0.5385541373371189,-0.6371422998575468,1.0,-0.8592360949779112
gen-standard_SSRT-w_graded,0.9256844196805772,0.8218961984725662,0.8577049277097851,-0.6865820077948126,-0.8580029485615093,0.2820946897122485,0.8281301173994794,-0.8592360949779112,1.0
