,gen-guesses_SSRT-vanilla,gen-guesses_SSRT-w_guesses,gen-guesses_SSRT-w_graded,gen-graded_mu_go_log_SSRT-vanilla,gen-graded_mu_go_log_SSRT-w_guesses,gen-graded_mu_go_log_SSRT-w_graded,gen-standard_SSRT-vanilla,gen-standard_SSRT-w_guesses,gen-standard_SSRT-w_graded
gen-guesses_SSRT-vanilla,1.0,-0.5908480715154696,0.12909019420011336,0.9674914513089296,0.20148497910525767,-0.6239972672997995,-0.905244807663909,-0.9094842708790158,-0.5891235165364984
gen-guesses_SSRT-w_guesses,-0.5908480715154696,1.0,0.587699706652682,-0.5636156875671798,0.5451645517830692,0.9466908879789055,0.749012487968464,0.7561183152386253,0.9645776936132718
gen-guesses_SSRT-w_graded,0.12909019420011336,0.587699706652682,1.0,0.14125383562629462,0.9591009968260668,0.6464841435699551,0.03246542522698066,0.04267056141158377,0.6313218683008228
gen-graded_mu_go_log_SSRT-vanilla,0.9674914513089296,-0.5636156875671798,0.14125383562629462,1.0,0.24285714265742653,-0.5761784433434206,-0.9110584319082486,-0.910700015845844,-0.5671667462931824
gen-graded_mu_go_log_SSRT-w_guesses,0.20148497910525767,0.5451645517830692,0.9591009968260668,0.24285714265742653,1.0,0.5838987804769451,-0.0493043396024037,-0.03490294342182803,0.5572322254263403
gen-graded_mu_go_log_SSRT-w_graded,-0.6239972672997995,0.9466908879789055,0.6464841435699551,-0.5761784433434206,0.5838987804769451,1.0,0.7032388202602378,0.7134887609172921,0.9557782181361112
gen-standard_SSRT-vanilla,-0.905244807663909,0.749012487968464,0.03246542522698066,-0.9110584319082486,-0.0493043396024037,0.7032388202602378,1.0,0.9987956118245718,0.7299490381314017
gen-standard_SSRT-w_guesses,-0.9094842708790158,0.7561183152386253,0.04267056141158377,-0.910700015845844,-0.03490294342182803,0.7134887609172921,0.9987956118245718,1.0,0.738689256094769
gen-standard_SSRT-w_graded,-0.5891235165364984,0.9645776936132718,0.6313218683008228,-0.5671667462931824,0.5572322254263403,0.9557782181361112,0.7299490381314017,0.738689256094769,1.0
