,gen-guesses_SSRT-vanilla,gen-guesses_SSRT-w_guesses,gen-guesses_SSRT-w_graded,gen-graded_mu_go_log_SSRT-vanilla,gen-graded_mu_go_log_SSRT-w_guesses,gen-graded_mu_go_log_SSRT-w_graded,gen-standard_SSRT-vanilla,gen-standard_SSRT-w_guesses,gen-standard_SSRT-w_graded
gen-guesses_SSRT-vanilla,1.0,0.9457485473092213,0.9588597431009515,-0.6810776483736392,-0.9082177167564816,0.9630456504638921,0.9408659975612631,-0.8471294964288058,-0.35242166672362873
gen-guesses_SSRT-w_guesses,0.9457485473092213,1.0,0.9808196626585812,-0.48202898408312866,-0.7731092221023144,0.9903231088210929,0.996334491196386,-0.6303052310508459,0.23496939528060448
gen-guesses_SSRT-w_graded,0.9588597431009515,0.9808196626585812,1.0,-0.5192351630972267,-0.7984884297152754,0.9923218832006196,0.9826475082210192,-0.6881843183941796,0.410747801944911
gen-graded_mu_go_log_SSRT-vanilla,-0.6810776483736392,-0.48202898408312866,-0.5192351630972267,1.0,0.9218602612015498,-0.5421845907450221,-0.49728983937761634,0.8154858819274743,0.7435451337977305
gen-graded_mu_go_log_SSRT-w_guesses,-0.9082177167564816,-0.7731092221023144,-0.7984884297152754,0.9218602612015498,1.0,-0.8177449569331299,-0.7807667525092611,0.8942710669524473,0.6980849255880294
gen-graded_mu_go_log_SSRT-w_graded,0.9630456504638921,0.9903231088210929,0.9923218832006196,-0.5421845907450221,-0.8177449569331299,1.0,0.9911183274326006,-0.6841820820367691,0.12902803324563777
gen-standard_SSRT-vanilla,0.9408659975612631,0.996334491196386,0.9826475082210192,-0.49728983937761634,-0.7807667525092611,0.9911183274326006,1.0,-0.6184600508385956,0.31871118771630635
gen-standard_SSRT-w_guesses,-0.8471294964288058,-0.6303052310508459,-0.6881843183941796,0.8154858819274743,0.8942710669524473,-0.6841820820367691,-0.6184600508385956,1.0,0.4926288397498517
gen-standard_SSRT-w_graded,-0.35242166672362873,0.23496939528060448,0.410747801944911,0.7435451337977305,0.6980849255880294,0.12902803324563777,0.31871118771630635,0.4926288397498517,1.0
