,gen-guesses_SSRT-vanilla,gen-guesses_SSRT-w_guesses,gen-guesses_SSRT-w_graded,gen-graded_mu_go_log_SSRT-vanilla,gen-graded_mu_go_log_SSRT-w_guesses,gen-graded_mu_go_log_SSRT-w_graded,gen-standard_SSRT-vanilla,gen-standard_SSRT-w_guesses,gen-standard_SSRT-w_graded
gen-guesses_SSRT-vanilla,1.0,0.9365874617667493,0.9470010586050422,-0.8075785188322956,-0.9036270407514779,0.9540458988947774,0.8816768023389954,0.5916709037885031,0.9413133017905301
gen-guesses_SSRT-w_guesses,0.9365874617667493,1.0,0.9347946066140164,-0.7699413847000851,-0.8695748749011764,0.9465903728508694,0.9177362445534867,0.7136635556467152,0.9339150131309417
gen-guesses_SSRT-w_graded,0.9470010586050422,0.9347946066140164,1.0,-0.886412452088403,-0.9713209659219005,0.994566015442314,0.9310837220711576,0.6334934336991789,0.9996100144872362
gen-graded_mu_go_log_SSRT-vanilla,-0.8075785188322956,-0.7699413847000851,-0.886412452088403,1.0,0.9356870557148206,-0.8621943044008069,-0.7590409306465619,-0.4049363140621441,-0.8872195169318883
gen-graded_mu_go_log_SSRT-w_guesses,-0.9036270407514779,-0.8695748749011764,-0.9713209659219005,0.9356870557148206,1.0,-0.9504418312890367,-0.8616275626825243,-0.5357423127780726,-0.971026076845395
gen-graded_mu_go_log_SSRT-w_graded,0.9540458988947774,0.9465903728508694,0.994566015442314,-0.8621943044008069,-0.9504418312890367,1.0,0.9476022381851619,0.6587653635386758,0.9940018243414128
gen-standard_SSRT-vanilla,0.8816768023389954,0.9177362445534867,0.9310837220711576,-0.7590409306465619,-0.8616275626825243,0.9476022381851619,1.0,0.7766203396980893,0.9342410451670127
gen-standard_SSRT-w_guesses,0.5916709037885031,0.7136635556467152,0.6334934336991789,-0.4049363140621441,-0.5357423127780726,0.6587653635386758,0.7766203396980893,1.0,0.6411227922747549
gen-standard_SSRT-w_graded,0.9413133017905301,0.9339150131309417,0.9996100144872362,-0.8872195169318883,-0.971026076845395,0.9940018243414128,0.9342410451670127,0.6411227922747549,1.0
