,gen-guesses_SSRT-vanilla,gen-guesses_SSRT-w_guesses,gen-guesses_SSRT-w_graded,gen-graded_mu_go_log_SSRT-vanilla,gen-graded_mu_go_log_SSRT-w_guesses,gen-graded_mu_go_log_SSRT-w_graded,gen-standard_SSRT-vanilla,gen-standard_SSRT-w_guesses,gen-standard_SSRT-w_graded
gen-guesses_SSRT-vanilla,1.0,0.8923669534943459,0.8845481273002018,-0.927165627453376,-0.9655854505269281,0.941999600675322,0.8624515571077648,-0.9573547576545938,-0.511383132904679
gen-guesses_SSRT-w_guesses,0.8923669534943459,1.0,0.9292039889648533,-0.7774213257719914,-0.8336311328300436,0.955411185932107,0.9746202111875402,-0.792499325013749,0.10264911389378123
gen-guesses_SSRT-w_graded,0.8845481273002018,0.9292039889648533,1.0,-0.7686068283586853,-0.8219435275162054,0.9759469684490253,0.9495920123594682,-0.8091098488864912,0.4488434321837893
gen-graded_mu_go_log_SSRT-vanilla,-0.927165627453376,-0.7774213257719914,-0.7686068283586853,1.0,0.9820995628980962,-0.8338337840798336,-0.7602442422278933,0.9258365563603016,0.692318003438861
gen-graded_mu_go_log_SSRT-w_guesses,-0.9655854505269281,-0.8336311328300436,-0.8219435275162054,0.9820995628980962,1.0,-0.8863209150675356,-0.819768110565328,0.9313939691877998,0.665946531385505
gen-graded_mu_go_log_SSRT-w_graded,0.941999600675322,0.955411185932107,0.9759469684490253,-0.8338337840798336,-0.8863209150675356,1.0,0.959958330487375,-0.8630256776199104,0.09213461607791844
gen-standard_SSRT-vanilla,0.8624515571077648,0.9746202111875402,0.9495920123594682,-0.7602442422278933,-0.819768110565328,0.959958330487375,1.0,-0.7557012756284289,0.33704278650841846
gen-standard_SSRT-w_guesses,-0.9573547576545938,-0.792499325013749,-0.8091098488864912,0.9258365563603016,0.9313939691877998,-0.8630256776199104,-0.7557012756284289,1.0,0.5661387208601758
gen-standard_SSRT-w_graded,-0.511383132904679,0.10264911389378123,0.4488434321837893,0.692318003438861,0.665946531385505,0.09213461607791844,0.33704278650841846,0.5661387208601758,1.0
